id;name;email;country;postal_code;age;status;place;state;longitude;latitude;security_pin
1;Branding Rubber;Hattie32@hotmail.com;"oEQX1";2;75472;copy generate;24/7;Hu;63807;54968;4
2;bypass lime;Laury29@hotmail.com;"z";1;74102;Shoals Global;bypassing Colorado;SA;73355;28836;4
3;blockchains;Kendra31@hotmail.com;"Ic";1;54093;Soap firewall Programmable;invoice synergize ivory;Pe;36720;15210;4
4;scale Plains;Myrtle_Stracke@hotmail.com;"3WVkW";0;17421;open;Buckinghamshire;or;58294;20243;4
5;drive Ergonomic Jewe;Asia_Hauck73@gmail.com;"G";3;94021;Analyst Engineer;Ergonomic Sports Bahamian;co;49995;4214;4
6;web Nakfa withdrawal;Ima_Kuphal@gmail.com;"H";1;41598;feed object-oriented;application Metal;Go;27562;26007;4
7;grey;Leonie21@hotmail.com;"TolK";4;473;Savings;calculating web;Er;31213;83618;4
8;Tasty Account;Dax.Christiansen24@hotmail.com;"BVXXR";4;73788;USB metrics transform;Turnpike Granite;US;5242;65694;4
9;reboot Peso parse;Blanche_Balistreri12@hotmail.com;"Rhc";0;86680;Senegal Shirt;Sports hacking;Ac;4887;39668;4
10;Licensed haptic SQL;Lonzo.Goyette91@yahoo.com;"tfg";3;31803;port Representative;scale port Idaho;Ge;87120;58245;4
